method,instance_name,config,avg_gap
AILS,Correia_Random_4_3_10_1,set1_3types_linear,-0.21448431086985303
AILS,Correia_Random_4_3_10_1,set1_5types_linear,-0.19493435883835036
AILS,Correia_Random_4_3_10_10,set1_3types_linear,-0.18100734522560336
AILS,Correia_Random_4_3_10_10,set1_5types_linear,-0.11550072187951174
AILS,Correia_Random_4_3_10_2,set1_3types_linear,-0.24861878453038674
AILS,Correia_Random_4_3_10_2,set1_5types_linear,-0.2474335351408265
AILS,Correia_Random_4_3_10_3,set1_3types_linear,-0.2340341134470448
AILS,Correia_Random_4_3_10_3,set1_5types_linear,-0.23015873015873015
AILS,Correia_Random_4_3_10_4,set1_3types_linear,-0.1912676427911885
AILS,Correia_Random_4_3_10_4,set1_5types_linear,-0.10034327964087668
AILS,Correia_Random_4_3_10_5,set1_3types_linear,-0.041813667842676074
AILS,Correia_Random_4_3_10_5,set1_5types_linear,-0.04315417810906237
AILS,Correia_Random_4_3_10_6,set1_3types_linear,-0.32525678166973926
AILS,Correia_Random_4_3_10_6,set1_5types_linear,-0.2860532559978909
AILS,Correia_Random_4_3_10_7,set1_3types_linear,-0.16666666666666666
AILS,Correia_Random_4_3_10_7,set1_5types_linear,-0.10206786850477201
AILS,Correia_Random_4_3_10_8,set1_3types_linear,-0.1554133472639415
AILS,Correia_Random_4_3_10_8,set1_5types_linear,-0.09674467250620997
AILS,Correia_Random_4_3_10_9,set1_3types_linear,-0.20491803278688522
AILS,Correia_Random_4_3_10_9,set1_5types_linear,-0.23021963482402752
AILS,Correia_Random_4_3_11_1,set1_3types_linear,-0.1467772814294831
AILS,Correia_Random_4_3_11_1,set1_5types_linear,-0.12297734627831716
AILS,Correia_Random_4_3_11_10,set1_3types_linear,-0.21093848680055577
AILS,Correia_Random_4_3_11_10,set1_5types_linear,-0.10981994636700294
AILS,Correia_Random_4_3_11_2,set1_3types_linear,-0.2556638400202506
AILS,Correia_Random_4_3_11_2,set1_5types_linear,-0.19683026584867075
AILS,Correia_Random_4_3_11_3,set1_3types_linear,-0.3477371516236257
AILS,Correia_Random_4_3_11_3,set1_5types_linear,-0.13174890209248255
AILS,Correia_Random_4_3_11_4,set1_3types_linear,-0.13021830716200689
AILS,Correia_Random_4_3_11_4,set1_5types_linear,-0.10834515671353025
AILS,Correia_Random_4_3_11_5,set1_3types_linear,-0.0984102952308857
AILS,Correia_Random_4_3_11_5,set1_5types_linear,-0.12137472850389677
AILS,Correia_Random_4_3_11_6,set1_3types_linear,-0.2593769866497139
AILS,Correia_Random_4_3_11_6,set1_5types_linear,-0.15558698727015557
AILS,Correia_Random_4_3_11_7,set1_3types_linear,-0.05224260958205912
AILS,Correia_Random_4_3_11_7,set1_5types_linear,-0.11503166602042134
AILS,Correia_Random_4_3_11_8,set1_3types_linear,-0.10466582597730138
AILS,Correia_Random_4_3_11_8,set1_5types_linear,-0.04856230031948881
AILS,Correia_Random_4_3_11_9,set1_3types_linear,-0.24058044806517312
AILS,Correia_Random_4_3_11_9,set1_5types_linear,-0.12496779180623552
AILS,Correia_Random_4_3_9_1,set1_3types_linear,-0.07451763140385895
AILS,Correia_Random_4_3_9_1,set1_5types_linear,-0.11860341151385927
AILS,Correia_Random_4_3_9_10,set1_3types_linear,-0.018496498876998283
AILS,Correia_Random_4_3_9_10,set1_5types_linear,-0.01453488372093023
AILS,Correia_Random_4_3_9_2,set1_3types_linear,-0.01852341889388727
AILS,Correia_Random_4_3_9_2,set1_5types_linear,-0.10845126306044173
AILS,Correia_Random_4_3_9_3,set1_3types_linear,-0.08903654485049835
AILS,Correia_Random_4_3_9_3,set1_5types_linear,-0.12757475083056477
AILS,Correia_Random_4_3_9_4,set1_3types_linear,-0.09423944783647464
AILS,Correia_Random_4_3_9_4,set1_5types_linear,-0.025239107332624865
AILS,Correia_Random_4_3_9_5,set1_3types_linear,-0.01311647429171039
AILS,Correia_Random_4_3_9_5,set1_5types_linear,-0.026236389872753514
AILS,Correia_Random_4_3_9_6,set1_3types_linear,-0.1021355617455896
AILS,Correia_Random_4_3_9_6,set1_5types_linear,-0.14592730167153092
AILS,Correia_Random_4_3_9_7,set1_3types_linear,0.03327122704285334
AILS,Correia_Random_4_3_9_7,set1_5types_linear,-0.002664890073284477
AILS,Correia_Random_4_3_9_8,set1_3types_linear,0.005259697567389875
AILS,Correia_Random_4_3_9_8,set1_5types_linear,0.005261081152176773
AILS,Correia_Random_4_3_9_9,set1_3types_linear,-0.09968102073365231
AILS,Correia_Random_4_3_9_9,set1_5types_linear,-0.1356924304908873
AILS,HS_Random_4_10_1,set2_7types_concave,-0.8523066791868391
AILS,HS_Random_4_10_1,set2_7types_convex,-0.21953302484468584
AILS,HS_Random_4_10_1,set2_7types_linear,-0.3235965671994331
AILS,HS_Random_4_10_10,set2_7types_concave,-0.6235185118338568
AILS,HS_Random_4_10_10,set2_7types_convex,-0.2609776760664107
AILS,HS_Random_4_10_10,set2_7types_linear,-0.36841287113321936
AILS,HS_Random_4_10_2,set2_7types_concave,-0.7820014573718728
AILS,HS_Random_4_10_2,set2_7types_convex,-0.2625763173462213
AILS,HS_Random_4_10_2,set2_7types_linear,-0.40464240903387705
AILS,HS_Random_4_10_3,set2_7types_concave,-0.533414642895577
AILS,HS_Random_4_10_3,set2_7types_convex,-0.1654028694561126
AILS,HS_Random_4_10_3,set2_7types_linear,-0.316567819456212
AILS,HS_Random_4_10_4,set2_7types_concave,-0.3483492712679819
AILS,HS_Random_4_10_4,set2_7types_convex,-0.11641228627431817
AILS,HS_Random_4_10_4,set2_7types_linear,-0.24466702347274255
AILS,HS_Random_4_10_5,set2_7types_concave,-0.8129242932027155
AILS,HS_Random_4_10_5,set2_7types_convex,-0.29598999470440435
AILS,HS_Random_4_10_5,set2_7types_linear,-0.3656408629441624
AILS,HS_Random_4_10_6,set2_7types_concave,-1.0403143574821558
AILS,HS_Random_4_10_6,set2_7types_convex,-0.1605190477277396
AILS,HS_Random_4_10_6,set2_7types_linear,-0.3858210754762479
AILS,HS_Random_4_10_7,set2_7types_concave,-0.7899875086408674
AILS,HS_Random_4_10_7,set2_7types_convex,-0.24268164894209976
AILS,HS_Random_4_10_7,set2_7types_linear,-0.2760832160175192
AILS,HS_Random_4_10_8,set2_7types_concave,-0.6918972788371556
AILS,HS_Random_4_10_8,set2_7types_convex,-0.23931586035659064
AILS,HS_Random_4_10_8,set2_7types_linear,-0.3147756636128729
AILS,HS_Random_4_10_9,set2_7types_concave,-0.7654852930188538
AILS,HS_Random_4_10_9,set2_7types_convex,-0.20311912600676685
AILS,HS_Random_4_10_9,set2_7types_linear,-0.3467696516212085
AILS,HS_Random_4_11_1,set2_7types_concave,-0.6751314082872552
AILS,HS_Random_4_11_1,set2_7types_convex,-0.23647281255717761
AILS,HS_Random_4_11_1,set2_7types_linear,-0.08983415233415233
AILS,HS_Random_4_11_10,set2_7types_concave,-0.575841271630686
AILS,HS_Random_4_11_10,set2_7types_convex,-0.21289877451785655
AILS,HS_Random_4_11_10,set2_7types_linear,-0.21334750588413937
AILS,HS_Random_4_11_2,set2_7types_concave,-0.6757185242225896
AILS,HS_Random_4_11_2,set2_7types_convex,-0.2687503469716316
AILS,HS_Random_4_11_2,set2_7types_linear,-0.20150168556543058
AILS,HS_Random_4_11_3,set2_7types_concave,-0.2993857604017217
AILS,HS_Random_4_11_3,set2_7types_convex,-0.19445257373264396
AILS,HS_Random_4_11_3,set2_7types_linear,-0.19197470450952345
AILS,HS_Random_4_11_4,set2_7types_concave,-0.3982271468144044
AILS,HS_Random_4_11_4,set2_7types_convex,-0.13201676677758092
AILS,HS_Random_4_11_4,set2_7types_linear,-0.21609092268580826
AILS,HS_Random_4_11_5,set2_7types_concave,-0.40152063306113545
AILS,HS_Random_4_11_5,set2_7types_convex,-0.17437133806173083
AILS,HS_Random_4_11_5,set2_7types_linear,-0.15422769898473224
AILS,HS_Random_4_11_6,set2_7types_concave,-0.8642679265482812
AILS,HS_Random_4_11_6,set2_7types_convex,-0.12135178395068735
AILS,HS_Random_4_11_6,set2_7types_linear,-0.16958467457014997
AILS,HS_Random_4_11_7,set2_7types_concave,-0.5736618521665251
AILS,HS_Random_4_11_7,set2_7types_convex,-0.20757562317040718
AILS,HS_Random_4_11_7,set2_7types_linear,-0.1283716665393138
AILS,HS_Random_4_11_8,set2_7types_concave,-0.6188991785933696
AILS,HS_Random_4_11_8,set2_7types_convex,-0.20742544528981713
AILS,HS_Random_4_11_8,set2_7types_linear,-0.18392213962755766
AILS,HS_Random_4_11_9,set2_7types_concave,-0.7426011246983292
AILS,HS_Random_4_11_9,set2_7types_convex,-0.1272577763915275
AILS,HS_Random_4_11_9,set2_7types_linear,-0.1755485893416928
AILS,HS_Random_4_9_1,set2_7types_concave,-0.5542147798858897
AILS,HS_Random_4_9_1,set2_7types_convex,-0.23623895511627518
AILS,HS_Random_4_9_1,set2_7types_linear,-0.34837688044338877
AILS,HS_Random_4_9_10,set2_7types_concave,-0.3284386662438715
AILS,HS_Random_4_9_10,set2_7types_convex,-0.27565345792744744
AILS,HS_Random_4_9_10,set2_7types_linear,-0.36599671541409246
AILS,HS_Random_4_9_2,set2_7types_concave,-0.46542060689859505
AILS,HS_Random_4_9_2,set2_7types_convex,-0.19051400196832782
AILS,HS_Random_4_9_2,set2_7types_linear,-0.3168457648546144
AILS,HS_Random_4_9_3,set2_7types_concave,-0.41403704286942933
AILS,HS_Random_4_9_3,set2_7types_convex,-0.18845372977929137
AILS,HS_Random_4_9_3,set2_7types_linear,-0.2738981998758535
AILS,HS_Random_4_9_4,set2_7types_concave,-0.30093976422200436
AILS,HS_Random_4_9_4,set2_7types_convex,-0.09967571443315208
AILS,HS_Random_4_9_4,set2_7types_linear,-0.2063125481139338
AILS,HS_Random_4_9_5,set2_7types_concave,-0.5639200656994252
AILS,HS_Random_4_9_5,set2_7types_convex,-0.26278993719202104
AILS,HS_Random_4_9_5,set2_7types_linear,-0.3534386468804851
AILS,HS_Random_4_9_6,set2_7types_concave,-0.6875338787550267
AILS,HS_Random_4_9_6,set2_7types_convex,-0.2099391364918411
AILS,HS_Random_4_9_6,set2_7types_linear,-0.346778756769865
AILS,HS_Random_4_9_7,set2_7types_concave,-0.4574448472930621
AILS,HS_Random_4_9_7,set2_7types_convex,-0.2662269541538324
AILS,HS_Random_4_9_7,set2_7types_linear,-0.30507941500235886
AILS,HS_Random_4_9_8,set2_7types_concave,-0.39663757826751467
AILS,HS_Random_4_9_8,set2_7types_convex,-0.25292854407937454
AILS,HS_Random_4_9_8,set2_7types_linear,-0.2619122751656674
AILS,HS_Random_4_9_9,set2_7types_concave,-0.6056590438689484
AILS,HS_Random_4_9_9,set2_7types_convex,-0.25893325428134906
AILS,HS_Random_4_9_9,set2_7types_linear,-0.3876031720343098
SFC,Correia_Random_4_3_10_1,set1_3types_linear,0.09400238315900966
SFC,Correia_Random_4_3_10_1,set1_5types_linear,0.0729346240551651
SFC,Correia_Random_4_3_10_10,set1_3types_linear,0.05115424973767051
SFC,Correia_Random_4_3_10_10,set1_5types_linear,0.04462527890799317
SFC,Correia_Random_4_3_10_2,set1_3types_linear,0.05656406208892397
SFC,Correia_Random_4_3_10_2,set1_5types_linear,0.030271123979994735
SFC,Correia_Random_4_3_10_3,set1_3types_linear,0.10710035700119
SFC,Correia_Random_4_3_10_3,set1_5types_linear,0.05952380952380952
SFC,Correia_Random_4_3_10_4,set1_3types_linear,0.04352987732489118
SFC,Correia_Random_4_3_10_4,set1_5types_linear,0.04753102719831001
SFC,Correia_Random_4_3_10_5,set1_3types_linear,0.05488043904351235
SFC,Correia_Random_4_3_10_5,set1_5types_linear,0.03138485680659082
SFC,Correia_Random_4_3_10_6,set1_3types_linear,0.09217803529101923
SFC,Correia_Random_4_3_10_6,set1_5types_linear,0.07513841286580544
SFC,Correia_Random_4_3_10_7,set1_3types_linear,0.07804232804232804
SFC,Correia_Random_4_3_10_7,set1_5types_linear,0.07158006362672323
SFC,Correia_Random_4_3_10_8,set1_3types_linear,0.08488964346349745
SFC,Correia_Random_4_3_10_8,set1_5types_linear,0.05098705713165119
SFC,Correia_Random_4_3_10_9,set1_3types_linear,0.1044420941300899
SFC,Correia_Random_4_3_10_9,set1_5types_linear,0.0449854458851548
SFC,Correia_Random_4_3_11_1,set1_3types_linear,0.2731333758774729
SFC,Correia_Random_4_3_11_1,set1_5types_linear,0.11003236245954692
SFC,Correia_Random_4_3_11_10,set1_3types_linear,0.2614626752557787
SFC,Correia_Random_4_3_11_10,set1_5types_linear,0.09705018516153747
SFC,Correia_Random_4_3_11_2,set1_3types_linear,0.21009998734337426
SFC,Correia_Random_4_3_11_2,set1_5types_linear,0.05240286298568507
SFC,Correia_Random_4_3_11_3,set1_3types_linear,0.2135003835336231
SFC,Correia_Random_4_3_11_3,set1_5types_linear,0.054249547920433995
SFC,Correia_Random_4_3_11_4,set1_3types_linear,0.24256351334099321
SFC,Correia_Random_4_3_11_4,set1_5types_linear,0.07480975106410422
SFC,Correia_Random_4_3_11_5,set1_3types_linear,0.21826898814029777
SFC,Correia_Random_4_3_11_5,set1_5types_linear,0.10604318385077297
SFC,Correia_Random_4_3_11_6,set1_3types_linear,0.2606484424666243
SFC,Correia_Random_4_3_11_6,set1_5types_linear,0.020573485920020573
SFC,Correia_Random_4_3_11_7,set1_3types_linear,0.24719673802242612
SFC,Correia_Random_4_3_11_7,set1_5types_linear,0.11632415664986429
SFC,Correia_Random_4_3_11_8,set1_3types_linear,0.2786885245901639
SFC,Correia_Random_4_3_11_8,set1_5types_linear,0.129073482428115
SFC,Correia_Random_4_3_11_9,set1_3types_linear,0.23294297352342158
SFC,Correia_Random_4_3_11_9,set1_5types_linear,0.056686421025508894
SFC,Correia_Random_4_3_9_1,set1_3types_linear,0.05854956753160345
SFC,Correia_Random_4_3_9_1,set1_5types_linear,0.02398720682302772
SFC,Correia_Random_4_3_9_10,set1_3types_linear,0.06605892456070815
SFC,Correia_Random_4_3_9_10,set1_5types_linear,0.048890063424947144
SFC,Correia_Random_4_3_9_2,set1_3types_linear,0.09261709446943636
SFC,Correia_Random_4_3_9_2,set1_5types_linear,0.03967729136357625
SFC,Correia_Random_4_3_9_3,set1_3types_linear,0.0425249169435216
SFC,Correia_Random_4_3_9_3,set1_5types_linear,0.0478405315614618
SFC,Correia_Random_4_3_9_4,set1_3types_linear,0.05707459516856915
SFC,Correia_Random_4_3_9_4,set1_5types_linear,0.04649309245483528
SFC,Correia_Random_4_3_9_5,set1_3types_linear,0.061647429171038826
SFC,Correia_Random_4_3_9_5,set1_5types_linear,0.019677292404565134
SFC,Correia_Random_4_3_9_6,set1_3types_linear,0.049078127072556044
SFC,Correia_Random_4_3_9_6,set1_5types_linear,0.04377819050145927
SFC,Correia_Random_4_3_9_7,set1_3types_linear,0.09449028480170349
SFC,Correia_Random_4_3_9_7,set1_5types_linear,0.02664890073284477
SFC,Correia_Random_4_3_9_8,set1_3types_linear,0.05391190006574622
SFC,Correia_Random_4_3_9_8,set1_5types_linear,0.02499013547283967
SFC,Correia_Random_4_3_9_9,set1_3types_linear,0.04120148856990962
SFC,Correia_Random_4_3_9_9,set1_5types_linear,0.05055208194758547
SFC,HS_Random_4_10_1,set2_7types_concave,0.848282338020268
SFC,HS_Random_4_10_1,set2_7types_convex,0.03287692642601575
SFC,HS_Random_4_10_1,set2_7types_linear,0.09605542870640107
SFC,HS_Random_4_10_10,set2_7types_concave,0.6690009505589046
SFC,HS_Random_4_10_10,set2_7types_convex,0.0619987017130786
SFC,HS_Random_4_10_10,set2_7types_linear,0.0932690812995492
SFC,HS_Random_4_10_2,set2_7types_concave,0.7682778722370658
SFC,HS_Random_4_10_2,set2_7types_convex,0.013393903541571328
SFC,HS_Random_4_10_2,set2_7types_linear,0.10116060225846926
SFC,HS_Random_4_10_3,set2_7types_concave,0.709545503461635
SFC,HS_Random_4_10_3,set2_7types_convex,0.042278108122852
SFC,HS_Random_4_10_3,set2_7types_linear,0.09936070245705923
SFC,HS_Random_4_10_4,set2_7types_concave,0.717147956831641
SFC,HS_Random_4_10_4,set2_7types_convex,0.042514375071264515
SFC,HS_Random_4_10_4,set2_7types_linear,0.1230980961847236
SFC,HS_Random_4_10_5,set2_7types_concave,0.75510379454695
SFC,HS_Random_4_10_5,set2_7types_convex,0.05453336788615596
SFC,HS_Random_4_10_5,set2_7types_linear,0.14355964467005075
SFC,HS_Random_4_10_6,set2_7types_concave,0.6647765425650973
SFC,HS_Random_4_10_6,set2_7types_convex,0.03777590102942184
SFC,HS_Random_4_10_6,set2_7types_linear,0.15432843019049916
SFC,HS_Random_4_10_7,set2_7types_concave,0.6976969814570018
SFC,HS_Random_4_10_7,set2_7types_convex,0.02719996432791564
SFC,HS_Random_4_10_7,set2_7types_linear,0.11184107617706866
SFC,HS_Random_4_10_8,set2_7types_concave,0.9631628200921233
SFC,HS_Random_4_10_8,set2_7types_convex,0.08579456966929186
SFC,HS_Random_4_10_8,set2_7types_linear,0.07830240388379923
SFC,HS_Random_4_10_9,set2_7types_concave,0.9289930512316007
SFC,HS_Random_4_10_9,set2_7types_convex,0.07444663423747735
SFC,HS_Random_4_10_9,set2_7types_linear,0.14804087215383377
SFC,HS_Random_4_11_1,set2_7types_concave,0.5797892916467563
SFC,HS_Random_4_11_1,set2_7types_convex,0.08189222606024651
SFC,HS_Random_4_11_1,set2_7types_linear,0.12208230958230959
SFC,HS_Random_4_11_10,set2_7types_concave,0.6231892227044699
SFC,HS_Random_4_11_10,set2_7types_convex,0.09620965710593467
SFC,HS_Random_4_11_10,set2_7types_linear,0.0994609369068408
SFC,HS_Random_4_11_2,set2_7types_concave,0.48558421851289835
SFC,HS_Random_4_11_2,set2_7types_convex,0.042580358629878426
SFC,HS_Random_4_11_2,set2_7types_linear,0.0796812749003984
SFC,HS_Random_4_11_3,set2_7types_concave,0.6652394189383071
SFC,HS_Random_4_11_3,set2_7types_convex,0.06438396254023997
SFC,HS_Random_4_11_3,set2_7types_linear,0.1279831363396823
SFC,HS_Random_4_11_4,set2_7types_concave,0.5190027700831025
SFC,HS_Random_4_11_4,set2_7types_convex,0.04218702735404693
SFC,HS_Random_4_11_4,set2_7types_linear,0.05906983699715866
SFC,HS_Random_4_11_5,set2_7types_concave,0.66992844755309
SFC,HS_Random_4_11_5,set2_7types_convex,0.05236746937287993
SFC,HS_Random_4_11_5,set2_7types_linear,0.12167712934976363
SFC,HS_Random_4_11_6,set2_7types_concave,0.6310657015849372
SFC,HS_Random_4_11_6,set2_7types_convex,0.038199134985412816
SFC,HS_Random_4_11_6,set2_7types_linear,0.12326293475700714
SFC,HS_Random_4_11_7,set2_7types_concave,0.6978193146417445
SFC,HS_Random_4_11_7,set2_7types_convex,0.09286569679765813
SFC,HS_Random_4_11_7,set2_7types_linear,0.13754107129212195
SFC,HS_Random_4_11_8,set2_7types_concave,0.544039682359098
SFC,HS_Random_4_11_8,set2_7types_convex,0.09409898022709368
SFC,HS_Random_4_11_8,set2_7types_linear,0.09502643880757146
SFC,HS_Random_4_11_9,set2_7types_concave,0.7253957806491842
SFC,HS_Random_4_11_9,set2_7types_convex,0.07933762440808688
SFC,HS_Random_4_11_9,set2_7types_linear,0.1010971786833856
SFC,HS_Random_4_9_1,set2_7types_concave,0.7264941397789577
SFC,HS_Random_4_9_1,set2_7types_convex,0.061365122478748556
SFC,HS_Random_4_9_1,set2_7types_linear,0.07996832937450514
SFC,HS_Random_4_9_10,set2_7types_concave,0.4666195087445423
SFC,HS_Random_4_9_10,set2_7types_convex,0.148488120950324
SFC,HS_Random_4_9_10,set2_7types_linear,0.12434503792914679
SFC,HS_Random_4_9_2,set2_7types_concave,0.5022098219797042
SFC,HS_Random_4_9_2,set2_7types_convex,0.032935939876532164
SFC,HS_Random_4_9_2,set2_7types_linear,0.0979772439949431
SFC,HS_Random_4_9_3,set2_7types_concave,0.562547696631255
SFC,HS_Random_4_9_3,set2_7types_convex,0.015881852118671817
SFC,HS_Random_4_9_3,set2_7types_linear,0.17535692116697704
SFC,HS_Random_4_9_4,set2_7types_concave,0.31779813003658625
SFC,HS_Random_4_9_4,set2_7types_convex,0.024823870025041148
SFC,HS_Random_4_9_4,set2_7types_linear,0.16551193225558122
SFC,HS_Random_4_9_5,set2_7types_concave,0.5432645646168778
SFC,HS_Random_4_9_5,set2_7types_convex,0.0719980154031776
SFC,HS_Random_4_9_5,set2_7types_linear,0.0845699696824637
SFC,HS_Random_4_9_6,set2_7types_concave,0.4577256167509171
SFC,HS_Random_4_9_6,set2_7types_convex,0.015187329428020053
SFC,HS_Random_4_9_6,set2_7types_linear,0.1358014711826045
SFC,HS_Random_4_9_7,set2_7types_concave,0.5493762674368586
SFC,HS_Random_4_9_7,set2_7types_convex,0.07086737199232176
SFC,HS_Random_4_9_7,set2_7types_linear,0.07626985375058973
SFC,HS_Random_4_9_8,set2_7types_concave,0.45912833407286896
SFC,HS_Random_4_9_8,set2_7types_convex,0.08184940818716047
SFC,HS_Random_4_9_8,set2_7types_linear,0.17118964973177658
SFC,HS_Random_4_9_9,set2_7types_concave,0.6369579484072896
SFC,HS_Random_4_9_9,set2_7types_convex,0.06162634255353111
SFC,HS_Random_4_9_9,set2_7types_linear,0.17154879430328532
Vanilla,Correia_Random_4_3_10_1,set1_3types_linear,0.05560704355885079
Vanilla,Correia_Random_4_3_10_1,set1_5types_linear,0.07823896035008619
Vanilla,Correia_Random_4_3_10_10,set1_3types_linear,0.03147953830010493
Vanilla,Correia_Random_4_3_10_10,set1_5types_linear,0.04462527890799317
Vanilla,Correia_Random_4_3_10_2,set1_3types_linear,0.040778742436201
Vanilla,Correia_Random_4_3_10_2,set1_5types_linear,0.0631745196104238
Vanilla,Correia_Random_4_3_10_3,set1_3types_linear,0.10313367711225704
Vanilla,Correia_Random_4_3_10_3,set1_5types_linear,0.062169312169312166
Vanilla,Correia_Random_4_3_10_4,set1_3types_linear,0.052763487666534756
Vanilla,Correia_Random_4_3_10_4,set1_5types_linear,0.07129654079746502
Vanilla,Correia_Random_4_3_10_5,set1_3types_linear,0.10192081536652293
Vanilla,Correia_Random_4_3_10_5,set1_5types_linear,0.041846475742121095
Vanilla,Correia_Random_4_3_10_6,set1_3types_linear,0.0592573084013695
Vanilla,Correia_Random_4_3_10_6,set1_5types_linear,0.07909306617453203
Vanilla,Correia_Random_4_3_10_7,set1_3types_linear,0.03571428571428571
Vanilla,Correia_Random_4_3_10_7,set1_5types_linear,0.07953340402969247
Vanilla,Correia_Random_4_3_10_8,set1_3types_linear,0.05746375865221366
Vanilla,Correia_Random_4_3_10_8,set1_5types_linear,0.04445025493528566
Vanilla,Correia_Random_4_3_10_9,set1_3types_linear,0.15864621893178213
Vanilla,Correia_Random_4_3_10_9,set1_5types_linear,0.07409367557554909
Vanilla,Correia_Random_4_3_11_1,set1_3types_linear,0.04211869814932993
Vanilla,Correia_Random_4_3_11_1,set1_5types_linear,0.06472491909385113
Vanilla,Correia_Random_4_3_11_10,set1_3types_linear,0.05683971201212581
Vanilla,Correia_Random_4_3_11_10,set1_5types_linear,0.03830928361639637
Vanilla,Correia_Random_4_3_11_2,set1_3types_linear,0.0531578281230224
Vanilla,Correia_Random_4_3_11_2,set1_5types_linear,0.016615541922290387
Vanilla,Correia_Random_4_3_11_3,set1_3types_linear,0.10994630529276399
Vanilla,Correia_Random_4_3_11_3,set1_5types_linear,0.034874709377421854
Vanilla,Correia_Random_4_3_11_4,set1_3types_linear,0.10979190603855482
Vanilla,Correia_Random_4_3_11_4,set1_5types_linear,0.028376112472591253
Vanilla,Correia_Random_4_3_11_5,set1_3types_linear,0.08579359071410547
Vanilla,Correia_Random_4_3_11_5,set1_5types_linear,0.0664366934968698
Vanilla,Correia_Random_4_3_11_6,set1_3types_linear,0.07120152574698028
Vanilla,Correia_Random_4_3_11_6,set1_5types_linear,0.032146071750032146
Vanilla,Correia_Random_4_3_11_7,set1_3types_linear,0.08409785932721711
Vanilla,Correia_Random_4_3_11_7,set1_5types_linear,0.05816207832493214
Vanilla,Correia_Random_4_3_11_8,set1_3types_linear,0.09583858764186633
Vanilla,Correia_Random_4_3_11_8,set1_5types_linear,0.06389776357827476
Vanilla,Correia_Random_4_3_11_9,set1_3types_linear,0.061099796334012225
Vanilla,Correia_Random_4_3_11_9,set1_5types_linear,0.04509147127029116
Vanilla,Correia_Random_4_3_9_1,set1_3types_linear,0.03060545575515635
Vanilla,Correia_Random_4_3_9_1,set1_5types_linear,0.042643923240938165
Vanilla,Correia_Random_4_3_9_10,set1_3types_linear,0.09248249438499141
Vanilla,Correia_Random_4_3_9_10,set1_5types_linear,0.08853065539112051
Vanilla,Correia_Random_4_3_9_2,set1_3types_linear,0.20243450648319658
Vanilla,Correia_Random_4_3_9_2,set1_5types_linear,0.04496759687871975
Vanilla,Correia_Random_4_3_9_3,set1_3types_linear,0.12757475083056477
Vanilla,Correia_Random_4_3_9_3,set1_5types_linear,0.05049833887043189
Vanilla,Correia_Random_4_3_9_4,set1_3types_linear,0.04778338200159278
Vanilla,Correia_Random_4_3_9_4,set1_5types_linear,0.10759829968119021
Vanilla,Correia_Random_4_3_9_5,set1_3types_linear,0.06033578174186779
Vanilla,Correia_Random_4_3_9_5,set1_5types_linear,0.02098911189820281
Vanilla,Correia_Random_4_3_9_6,set1_3types_linear,0.14723438121766813
Vanilla,Correia_Random_4_3_9_6,set1_5types_linear,0.11010878217033697
Vanilla,Correia_Random_4_3_9_7,set1_3types_linear,0.06254990684056427
Vanilla,Correia_Random_4_3_9_7,set1_5types_linear,0.0626249167221852
Vanilla,Correia_Random_4_3_9_8,set1_3types_linear,0.056541748849441166
Vanilla,Correia_Random_4_3_9_8,set1_5types_linear,0.04866500065763514
Vanilla,Correia_Random_4_3_9_9,set1_3types_linear,0.08771929824561404
Vanilla,Correia_Random_4_3_9_9,set1_5types_linear,0.07449780497538912
Vanilla,HS_Random_4_10_1,set2_7types_concave,0.12024243606785283
Vanilla,HS_Random_4_10_1,set2_7types_convex,0.016578008741131883
Vanilla,HS_Random_4_10_1,set2_7types_linear,0.04802771435320054
Vanilla,HS_Random_4_10_10,set2_7types_concave,0.10155338170354596
Vanilla,HS_Random_4_10_10,set2_7types_convex,0.02596573842819263
Vanilla,HS_Random_4_10_10,set2_7types_linear,0.046634540649774604
Vanilla,HS_Random_4_10_2,set2_7types_concave,0.1162254068496478
Vanilla,HS_Random_4_10_2,set2_7types_convex,0.01255678457022312
Vanilla,HS_Random_4_10_2,set2_7types_linear,0.06116687578419071
Vanilla,HS_Random_4_10_3,set2_7types_concave,0.1393024117851036
Vanilla,HS_Random_4_10_3,set2_7types_convex,0.022857454585129017
Vanilla,HS_Random_4_10_3,set2_7types_linear,0.015404760070861898
Vanilla,HS_Random_4_10_4,set2_7types_concave,0.14137282946606936
Vanilla,HS_Random_4_10_4,set2_7types_convex,0.015746064841209082
Vanilla,HS_Random_4_10_4,set2_7types_linear,0.059637586971481006
Vanilla,HS_Random_4_10_5,set2_7types_concave,0.10766152297474803
Vanilla,HS_Random_4_10_5,set2_7types_convex,0.012450283370702963
Vanilla,HS_Random_4_10_5,set2_7types_linear,0.0578997461928934
Vanilla,HS_Random_4_10_6,set2_7types_concave,0.06565694247556517
Vanilla,HS_Random_4_10_6,set2_7types_convex,0.016947798498094087
Vanilla,HS_Random_4_10_6,set2_7types_linear,0.05385419178522627
Vanilla,HS_Random_4_10_7,set2_7types_concave,0.13012843057593654
Vanilla,HS_Random_4_10_7,set2_7types_convex,0.016498339018571777
Vanilla,HS_Random_4_10_7,set2_7types_linear,0.03441263882371344
Vanilla,HS_Random_4_10_8,set2_7types_concave,0.0768099561259586
Vanilla,HS_Random_4_10_8,set2_7types_convex,0.027378887220045334
Vanilla,HS_Random_4_10_8,set2_7types_linear,0.0305379375146817
Vanilla,HS_Random_4_10_9,set2_7types_concave,0.1114542601678663
Vanilla,HS_Random_4_10_9,set2_7types_convex,0.018568938608582723
Vanilla,HS_Random_4_10_9,set2_7types_linear,0.07804328586370586
Vanilla,HS_Random_4_11_1,set2_7types_concave,0.11775547818963752
Vanilla,HS_Random_4_11_1,set2_7types_convex,0.01630082224895902
Vanilla,HS_Random_4_11_1,set2_7types_linear,0.040694103194103194
Vanilla,HS_Random_4_11_10,set2_7types_concave,0.09165210529282453
Vanilla,HS_Random_4_11_10,set2_7types_convex,0.03006209547590104
Vanilla,HS_Random_4_11_10,set2_7types_linear,0.04327689621137347
Vanilla,HS_Random_4_11_2,set2_7types_concave,0.054582927547392024
Vanilla,HS_Random_4_11_2,set2_7types_convex,0.014600566257702771
Vanilla,HS_Random_4_11_2,set2_7types_linear,0.0398406374501992
Vanilla,HS_Random_4_11_3,set2_7types_concave,0.1329357962697274
Vanilla,HS_Random_4_11_3,set2_7types_convex,0.018263800821600062
Vanilla,HS_Random_4_11_3,set2_7types_linear,0.03312504705262365
Vanilla,HS_Random_4_11_4,set2_7types_concave,0.13850415512465375
Vanilla,HS_Random_4_11_4,set2_7types_convex,0.007022168445616006
Vanilla,HS_Random_4_11_4,set2_7types_linear,0.05458352026319725
Vanilla,HS_Random_4_11_5,set2_7types_concave,0.09119204309226017
Vanilla,HS_Random_4_11_5,set2_7types_convex,0.016483978582041432
Vanilla,HS_Random_4_11_5,set2_7types_linear,0.03487561032318066
Vanilla,HS_Random_4_11_6,set2_7types_concave,0.11823026974189495
Vanilla,HS_Random_4_11_6,set2_7types_convex,0.013906074400336015
Vanilla,HS_Random_4_11_6,set2_7types_linear,0.07066028107089581
Vanilla,HS_Random_4_11_7,set2_7types_concave,0.15213820447465307
Vanilla,HS_Random_4_11_7,set2_7types_convex,0.026390490552647923
Vanilla,HS_Random_4_11_7,set2_7types_linear,0.053488194391380764
Vanilla,HS_Random_4_11_8,set2_7types_concave,0.1160435959862568
Vanilla,HS_Random_4_11_8,set2_7types_convex,0.03382715097156646
Vanilla,HS_Random_4_11_8,set2_7types_linear,0.0835313050808491
Vanilla,HS_Random_4_11_9,set2_7types_concave,0.13279292386923938
Vanilla,HS_Random_4_11_9,set2_7types_convex,0.023478038959934215
Vanilla,HS_Random_4_11_9,set2_7types_linear,0.03761755485893417
Vanilla,HS_Random_4_9_1,set2_7types_concave,0.17376452678869786
Vanilla,HS_Random_4_9_1,set2_7types_convex,0.016375210278937454
Vanilla,HS_Random_4_9_1,set2_7types_linear,0.029295328582739512
Vanilla,HS_Random_4_9_10,set2_7types_concave,0.10915432836549015
Vanilla,HS_Random_4_9_10,set2_7types_convex,0.04506986379865121
Vanilla,HS_Random_4_9_10,set2_7types_linear,0.05396105419566748
Vanilla,HS_Random_4_9_2,set2_7types_concave,0.09666427989432361
Vanilla,HS_Random_4_9_2,set2_7types_convex,0.027344099490024153
Vanilla,HS_Random_4_9_2,set2_7types_linear,0.03476611883691529
Vanilla,HS_Random_4_9_3,set2_7types_concave,0.11883274986978062
Vanilla,HS_Random_4_9_3,set2_7types_convex,0.014735739079180039
Vanilla,HS_Random_4_9_3,set2_7types_linear,0.06828057107386716
Vanilla,HS_Random_4_9_4,set2_7types_concave,0.10342188957172578
Vanilla,HS_Random_4_9_4,set2_7types_convex,0.018359886364253626
Vanilla,HS_Random_4_9_4,set2_7types_linear,0.046189376443418015
Vanilla,HS_Random_4_9_5,set2_7types_concave,0.06905905482417937
Vanilla,HS_Random_4_9_5,set2_7types_convex,0.051475480080737004
Vanilla,HS_Random_4_9_5,set2_7types_linear,0.044678474549226105
Vanilla,HS_Random_4_9_6,set2_7types_concave,0.09038536689903816
Vanilla,HS_Random_4_9_6,set2_7types_convex,0.015986662555810584
Vanilla,HS_Random_4_9_6,set2_7types_linear,0.063859025139439
Vanilla,HS_Random_4_9_7,set2_7types_concave,0.07398758680022123
Vanilla,HS_Random_4_9_7,set2_7types_convex,0.0290723628409446
Vanilla,HS_Random_4_9_7,set2_7types_linear,0.04639094197200817
Vanilla,HS_Random_4_9_8,set2_7types_concave,0.054355864517083276
Vanilla,HS_Random_4_9_8,set2_7types_convex,0.011653136080883862
Vanilla,HS_Random_4_9_8,set2_7types_linear,0.05127800568002524
Vanilla,HS_Random_4_9_9,set2_7types_concave,0.08077136655055783
Vanilla,HS_Random_4_9_9,set2_7types_convex,0.01733062732310218
Vanilla,HS_Random_4_9_9,set2_7types_linear,0.04774235313157469
